genus,mean.difference (HMP1 - Eran_Elinav),mean.difference (HMP2 - Eran_Elinav),mean.difference (HMP2_pilot - Eran_Elinav),mean.difference (HMP3 - Eran_Elinav),mean.difference (IBDMDB - Eran_Elinav),mean.difference (IBDMDB2 - Eran_Elinav),mean.difference (Lewis - Eran_Elinav),mean.difference (LLDeep - Eran_Elinav),mean.difference (MetaHit - Eran_Elinav),mean.difference (MetaHit2 - Eran_Elinav),mean.difference (PRISM - Eran_Elinav),mean.difference (HMP2 - HMP1),mean.difference (HMP2_pilot - HMP1),mean.difference (HMP3 - HMP1),mean.difference (IBDMDB - HMP1),mean.difference (IBDMDB2 - HMP1),mean.difference (Lewis - HMP1),mean.difference (LLDeep - HMP1),mean.difference (MetaHit - HMP1),mean.difference (MetaHit2 - HMP1),mean.difference (PRISM - HMP1),mean.difference (HMP2_pilot - HMP2),mean.difference (HMP3 - HMP2),mean.difference (IBDMDB - HMP2),mean.difference (IBDMDB2 - HMP2),mean.difference (Lewis - HMP2),mean.difference (LLDeep - HMP2),mean.difference (MetaHit - HMP2),mean.difference (MetaHit2 - HMP2),mean.difference (PRISM - HMP2),mean.difference (HMP3 - HMP2_pilot),mean.difference (IBDMDB - HMP2_pilot),mean.difference (IBDMDB2 - HMP2_pilot),mean.difference (Lewis - HMP2_pilot),mean.difference (LLDeep - HMP2_pilot),mean.difference (MetaHit - HMP2_pilot),mean.difference (MetaHit2 - HMP2_pilot),mean.difference (PRISM - HMP2_pilot),mean.difference (IBDMDB - HMP3),mean.difference (IBDMDB2 - HMP3),mean.difference (Lewis - HMP3),mean.difference (LLDeep - HMP3),mean.difference (MetaHit - HMP3),mean.difference (MetaHit2 - HMP3),mean.difference (PRISM - HMP3),mean.difference (IBDMDB2 - IBDMDB),mean.difference (Lewis - IBDMDB),mean.difference (LLDeep - IBDMDB),mean.difference (MetaHit - IBDMDB),mean.difference (MetaHit2 - IBDMDB),mean.difference (PRISM - IBDMDB),mean.difference (Lewis - IBDMDB2),mean.difference (LLDeep - IBDMDB2),mean.difference (MetaHit - IBDMDB2),mean.difference (MetaHit2 - IBDMDB2),mean.difference (PRISM - IBDMDB2),mean.difference (LLDeep - Lewis),mean.difference (MetaHit - Lewis),mean.difference (MetaHit2 - Lewis),mean.difference (PRISM - Lewis),mean.difference (MetaHit - LLDeep),mean.difference (MetaHit2 - LLDeep),mean.difference (PRISM - LLDeep),mean.difference (MetaHit2 - MetaHit),mean.difference (PRISM - MetaHit),mean.difference (PRISM - MetaHit2),se (HMP1 - Eran_Elinav),se (HMP2 - Eran_Elinav),se (HMP2_pilot - Eran_Elinav),se (HMP3 - Eran_Elinav),se (IBDMDB - Eran_Elinav),se (IBDMDB2 - Eran_Elinav),se (Lewis - Eran_Elinav),se (LLDeep - Eran_Elinav),se (MetaHit - Eran_Elinav),se (MetaHit2 - Eran_Elinav),se (PRISM - Eran_Elinav),se (HMP2 - HMP1),se (HMP2_pilot - HMP1),se (HMP3 - HMP1),se (IBDMDB - HMP1),se (IBDMDB2 - HMP1),se (Lewis - HMP1),se (LLDeep - HMP1),se (MetaHit - HMP1),se (MetaHit2 - HMP1),se (PRISM - HMP1),se (HMP2_pilot - HMP2),se (HMP3 - HMP2),se (IBDMDB - HMP2),se (IBDMDB2 - HMP2),se (Lewis - HMP2),se (LLDeep - HMP2),se (MetaHit - HMP2),se (MetaHit2 - HMP2),se (PRISM - HMP2),se (HMP3 - HMP2_pilot),se (IBDMDB - HMP2_pilot),se (IBDMDB2 - HMP2_pilot),se (Lewis - HMP2_pilot),se (LLDeep - HMP2_pilot),se (MetaHit - HMP2_pilot),se (MetaHit2 - HMP2_pilot),se (PRISM - HMP2_pilot),se (IBDMDB - HMP3),se (IBDMDB2 - HMP3),se (Lewis - HMP3),se (LLDeep - HMP3),se (MetaHit - HMP3),se (MetaHit2 - HMP3),se (PRISM - HMP3),se (IBDMDB2 - IBDMDB),se (Lewis - IBDMDB),se (LLDeep - IBDMDB),se (MetaHit - IBDMDB),se (MetaHit2 - IBDMDB),se (PRISM - IBDMDB),se (Lewis - IBDMDB2),se (LLDeep - IBDMDB2),se (MetaHit - IBDMDB2),se (MetaHit2 - IBDMDB2),se (PRISM - IBDMDB2),se (LLDeep - Lewis),se (MetaHit - Lewis),se (MetaHit2 - Lewis),se (PRISM - Lewis),se (MetaHit - LLDeep),se (MetaHit2 - LLDeep),se (PRISM - LLDeep),se (MetaHit2 - MetaHit),se (PRISM - MetaHit),se (PRISM - MetaHit2),W,p.val,q.val,diff.abn,structural.zero (Eran_Elinav),structural.zero (HMP1),structural.zero (HMP2),structural.zero (HMP2_pilot),structural.zero (HMP3),structural.zero (IBDMDB),structural.zero (IBDMDB2),structural.zero (Lewis),structural.zero (LLDeep),structural.zero (MetaHit),structural.zero (MetaHit2),structural.zero (PRISM)
g__Alistipes,1.868989379902502,3.4719647704848136,0.8985287815974656,3.244962327040705,1.3147752667612251,1.390473767056887,2.130830469456943,-2.0465809511285373,-1.2462864248411105,-1.6434469685995157,-2.0465809511285373,1.6029753905823116,-0.9704605983050363,1.375972947138203,-0.5542141131412768,-0.47851561284561495,0.2618410895544412,-3.9155703310310392,-3.1152758047436127,-3.5124363485020176,-3.9155703310310392,-2.573435988887348,-0.2270024434441087,-2.1571895037235884,-2.0814910034279266,-1.3411343010278705,-5.518545721613351,-4.718251195325924,-5.11541173908433,-5.518545721613351,2.3464335454432392,0.4162464851637595,0.49194498545942134,1.2323016878594775,-2.945109732726003,-2.144815206438576,-2.5419757501969813,-2.945109732726003,-1.9301870602794797,-1.854488559983818,-1.1141318575837618,-5.291543278169242,-4.491248751881815,-4.888409295640221,-5.291543278169242,0.07569850029566183,0.816055202695718,-3.3613562178897625,-2.561061691602336,-2.958222235360741,-3.3613562178897625,0.7403567024000561,-3.4370547181854243,-2.6367601918979977,-3.0339207356564026,-3.4370547181854243,-4.17741142058548,-3.3771168942980534,-3.7742774380564588,-4.17741142058548,0.8002945262874268,0.40313398252902155,0,-0.39716054375840526,-0.8002945262874268,-0.40313398252902155,0,0,0,0,0,0,0,0,0,0,0,0,0,0,0,0,0,0,0,0,0,0,0,0,0,0,0,0,0,0,0,0,0,0,0,0,0,0,0,0,0,0,0,0,0,0,0,0,0,0,0,0,0,0,0,0,0,0,0,0,0,0,0,0,0,0,Inf,0,0,TRUE,0,0,0,0,0,0,0,0,1,0,0,1
g__Prevotella,-1.0687805109983584,-0.342282809157358,-2.502914477500569,-2.502914477500569,-2.502914477500569,0.4152761204548221,0.43383328176911595,-2.502914477500569,0.3206818342333091,0.26593389143897417,-1.2346878535690318,0.7264977018410004,-1.4341339665022106,-1.4341339665022106,-1.4341339665022106,1.4840566314531805,1.5026137927674743,-1.4341339665022106,1.3894623452316675,1.3347144024373325,-0.1659073425706734,-2.160631668343211,-2.160631668343211,-2.160631668343211,0.7575589296121801,0.7761160909264739,-2.160631668343211,0.6629646433906671,0.6082167005963321,-0.8924050444116738,0,0,2.918190597955391,2.936747759269685,0,2.823596311733878,2.768848368939543,1.2682266239315372,0,2.918190597955391,2.936747759269685,0,2.823596311733878,2.768848368939543,1.2682266239315372,2.918190597955391,2.936747759269685,0,2.823596311733878,2.768848368939543,1.2682266239315372,0.018557161314293857,-2.918190597955391,-0.094594286221513,-0.14934222901584793,-1.6499639740238539,-2.936747759269685,-0.11315144753580686,-0.16789939033014178,-1.6685211353381477,2.823596311733878,2.768848368939543,1.2682266239315372,-0.054747942794334925,-1.5553696878023409,-1.500621745008006,0,0,0,0,0,0,0,0,0,0,0,0,0,0,0,0,0,0,0,0,0,0,0,0,0,0,0,0,0,0,0,0,0,0,0,0,0,0,0,0,0,0,0,0,0,0,0,0,0,0,0,0,0,0,0,0,0,0,0,0,0,0,0,0,0,0,Inf,0,0,TRUE,0,0,0,1,1,1,0,0,1,0,0,0
g__Faecalicatena,-0.914211359413551,-0.9628715381813784,-2.3362669089529673,-0.8903170346285849,-2.3362669089529673,-0.9098902939431952,-2.3362669089529673,1.265631077890926,0.4842467093534779,0.25613916608485177,0.17686795979201575,-0.048660178767827356,-1.4220555495394163,0.023894324784966114,-1.4220555495394163,0.004321065470355823,-1.4220555495394163,2.179842437304477,1.398458068767029,1.1703505254984028,1.0910793192055668,-1.373395370771589,0.07255450355279347,-1.373395370771589,0.05298124423818318,-1.373395370771589,2.2285026160723045,1.4471182475348563,1.2190107042662301,1.1397394979733941,1.4459498743243824,0,1.426376615009772,0,3.6018979868438934,2.820513618306445,2.592406075037819,2.513134868744983,-1.4459498743243824,-0.019573259314610292,-1.4459498743243824,2.155948112519511,1.3745637439820628,1.1464562007134367,1.0671849944206007,1.426376615009772,0,3.6018979868438934,2.820513618306445,2.592406075037819,2.513134868744983,-1.426376615009772,2.1755213718341215,1.3941370032966731,1.166029460028047,1.086758253735211,3.6018979868438934,2.820513618306445,2.592406075037819,2.513134868744983,-0.7813843685374482,-1.0094919118060743,-1.0887631180989104,-0.22810754326862615,-0.30737874956146216,-0.07927120629283602,0,0,0,0,0,0,0,0,0,0,0,0,0,0,0,0,0,0,0,0,0,0,0,0,0,0,0,0,0,0,0,0,0,0,0,0,0,0,0,0,0,0,0,0,0,0,0,0,0,0,0,0,0,0,0,0,0,0,0,0,0,0,0,0,0,0,Inf,0,0,TRUE,0,0,0,1,0,1,0,1,0,0,0,0
g__Oscillibacter,-0.030442093417327953,0.009748033380904353,-1.4126816900157158,0.22465759642942018,-0.9029609633731495,-0.24223801167908476,-0.3421099796540936,0.8708045542892222,-0.10298884966140331,-0.06274426749676465,-0.09490424810492204,0.040190126798232306,-1.3822395965983878,0.25509968984674813,-0.8725188699558215,-0.2117959182617568,-0.31166788623676567,0.9012466477065502,-0.07254675624407536,-0.032302174079436696,-0.06446215468759409,-1.42242972339662,0.21490956304851583,-0.9127089967540538,-0.2519860450599891,-0.351858013034998,0.8610565209083179,-0.11273688304230767,-0.072492300877669,-0.10465228148582639,1.637339286445136,0.5097207266425663,1.170443678336631,1.0705717103616221,2.283486244304938,1.3096928403543124,1.349937422518951,1.3177774419107937,-1.1276185598025696,-0.46689560810850494,-0.5667675760835138,0.646146957859802,-0.3276464460908235,-0.28740186392618483,-0.3195618445343422,0.6607229516940647,0.5608509837190558,1.7737655176623717,0.7999721137117461,0.8402166958763848,0.8080567152682274,-0.09987196797500886,1.113042565968307,0.13924916201768145,0.17949374418232011,0.14733376357416272,1.2129145339433158,0.2391211299926903,0.27936571215732897,0.24720573154917158,-0.9737934039506255,-0.9335488217859869,-0.96570880239414425,0.040244582164638665,0.008084601556481275,-0.03215998060815739,0.42199145546392575,0.5041131046704783,0.9598836093481957,0.5621335037561631,1.0798082075735242,1.2081113973706183,0.9715995013581853,0.7018116146840262,0.3874880361804785,0.33499674289591536,0.7111883438429017,0.6011655249685542,1.015451064930623,0.6504647957428823,1.1309059513121877,1.253275968452903,1.026365546294112,0.7767567545069238,0.5052523785113426,0.4666048045632585,0.7838700569355395,1.0522321334311386,0.7066209315367152,1.164180751772009,1.2833066223365306,1.0627639412436805,0.8242681470707982,0.5762767218916482,0.5426418630467582,0.8309613126799161,1.0812475990578125,1.4220637878612021,1.5211451805677443,1.3406230409571682,1.160503733084831,1.001885527842008,0.9825557891248875,1.165730761836771,1.1906808398695674,1.3072960680630226,1.0914832460993102,0.8610164613995751,0.6276186299609148,0.5968599298260229,0.8673273774034138,1.5999979409232465,1.430091931552203,1.2621071138450193,1.1192421659584229,1.1016235400016785,1.2676216414284822,1.5285839365819103,1.3730815175280222,1.2425697134782756,1.2268712403609887,1.3778195937758815,1.170182863170234,1.0128843590016399,0.9938014525789404,1.1752800381819966,0.7589716628453305,0.7332607243323959,0.9649216255208005,0.43171227202087326,0.7657311710985643,0.7405060528066634,1.967668159269953,0.074,0.22199999999999998,FALSE,0,0,0,0,0,0,0,0,0,0,0,0
g__Faecalibacillus,-1.5687611001897872,-1.8637954000668433,-2.8015774154769693,-2.47503696491849,-2.8015774154769693,-2.8015774154769693,-0.2500568843182238,0.894908075408746,0.19308244547495867,0.9232179405552818,0.09787561426632552,-0.2950342998770562,-1.232816315287182,-0.9062758647287027,-1.232816315287182,-1.232816315287182,1.3187042158715634,2.4636691755985334,1.7618435456647459,2.4919790407450693,1.6666367144561127,-0.9377820154101258,-0.6112415648516465,-0.9377820154101258,-0.9377820154101258,1.6137385157486195,2.7587034754755893,2.056877845541802,2.787013340622125,1.9616710143331688,0.32654045055847936,0,0,2.5515205311587454,3.696485490885715,2.994659860951928,3.724795356032251,2.8994530297432948,-0.32654045055847936,-0.32654045055847936,2.224980080600266,3.3699450403272357,2.6681194103934485,3.3982549054737716,2.5729125791848153,0,2.5515205311587454,3.696485490885715,2.994659860951928,3.724795356032251,2.8994530297432948,2.5515205311587454,3.696485490885715,2.994659860951928,3.724795356032251,2.8994530297432948,1.1449649597269698,0.4431393297931825,1.1732748248735057,0.34793249858454933,-0.7018256299337873,0.028309865146535884,-0.7970324611424204,0.7301354950803232,-0.09520683120863316,-0.8253423262889563,0,0,0,0,0,0,0,0,0,0,0,0,0,0,0,0,0,0,0,0,0,0,0,0,0,0,0,0,0,0,0,0,0,0,0,0,0,0,0,0,0,0,0,0,0,0,0,0,0,0,0,0,0,0,0,0,0,0,0,0,0,0,0,0,0,0,Inf,0,0,TRUE,0,0,0,1,0,1,1,0,0,0,0,0
g__Anaerotignum,-1.132822975759554,-1.2358116105500996,-1.9164262365730902,-1.116585979197551,-1.9164262365730902,-1.9164262365730902,-1.9164262365730902,-1.9164262365730902,0.16094236619182323,0.21019390065985832,0.7917913032502286,-0.10298863479054554,-0.7836032608135362,0.01623699656200306,-0.7836032608135362,-0.7836032608135362,-0.7836032608135362,-0.7836032608135362,1.2937653419513773,1.3430168764194124,1.9246142790097827,-0.6806146260229906,0.1192256313525486,-0.6806146260229906,-0.6806146260229906,-0.6806146260229906,-0.6806146260229906,1.3967539767419228,1.446005511209958,2.027602913800328,0.7998402573755392,0,0,0,0,2.0773686027649134,2.1266201372329485,2.708217539823319,-0.7998402573755392,-0.7998402573755392,-0.7998402573755392,-0.7998402573755392,1.2775283453893742,1.3267798798574093,1.9083772824477796,0,0,0,2.0773686027649134,2.1266201372329485,2.708217539823319,0,0,2.0773686027649134,2.1266201372329485,2.708217539823319,0,2.0773686027649134,2.1266201372329485,2.708217539823319,2.0773686027649134,2.1266201372329485,2.708217539823319,0.049251534468035096,0.6308489370584054,0.5815974025903703,0,0,0,0,0,0,0,0,0,0,0,0,0,0,0,0,0,0,0,0,0,0,0,0,0,0,0,0,0,0,0,0,0,0,0,0,0,0,0,0,0,0,0,0,0,0,0,0,0,0,0,0,0,0,0,0,0,0,0,0,0,0,0,0,0,0,Inf,0,0,TRUE,0,0,0,1,0,1,1,1,1,0,0,0
g__GGB9707,-1.2750491117740759,-0.9606279680516657,-1.5662078171096472,-1.1348628342532334,-1.5662078171096472,-1.5662078171096472,-1.5662078171096472,-1.5662078171096472,-0.20998504543884366,-0.8612316380809809,-0.7560761497609121,0.31442114372241015,-0.2911587053355713,0.1401862775208425,-0.2911587053355713,-0.2911587053355713,-0.2911587053355713,-0.2911587053355713,1.0650640663352322,0.41381747369309496,0.5189729620131638,-0.6055798490579815,-0.17423486620156764,-0.6055798490579815,-0.6055798490579815,-0.6055798490579815,-0.6055798490579815,0.7506429226128221,0.09939632997068482,0.20455181829075364,0.4313449828564138,0,0,0,0,1.3562227716708035,0.7049761790286663,0.8101316673487351,-0.4313449828564138,-0.4313449828564138,-0.4313449828564138,-0.4313449828564138,0.9248777888143898,0.27363119617225246,0.3787866844923213,0,0,0,1.3562227716708035,0.7049761790286663,0.8101316673487351,0,0,1.3562227716708035,0.7049761790286663,0.8101316673487351,0,1.3562227716708035,0.7049761790286663,0.8101316673487351,1.3562227716708035,0.7049761790286663,0.8101316673487351,-0.6512465926421372,-0.5460911043220684,0.10515548832006882,0,0,0,0,0,0,0,0,0,0,0,0,0,0,0,0,0,0,0,0,0,0,0,0,0,0,0,0,0,0,0,0,0,0,0,0,0,0,0,0,0,0,0,0,0,0,0,0,0,0,0,0,0,0,0,0,0,0,0,0,0,0,0,0,0,0,Inf,0,0,TRUE,0,0,0,1,0,1,1,1,1,0,0,0
g__GGB9760,-2.161686130869023,-1.3074604467207651,-3.130487574513898,-2.3315524306408903,-3.130487574513898,-3.130487574513898,-1.5909793581546512,1.6325002355493825,0.3441434714676457,-0.5091561543032967,0.8135796466590328,0.854225684148258,-0.9688014436448747,-0.1698662997718673,-0.9688014436448747,-0.9688014436448747,0.5707067727143719,3.7941863664184057,2.505829602336669,1.6525299765657264,2.975265777528056,-1.8230271277931327,-1.0240919839201252,-1.8230271277931327,-1.8230271277931327,-0.2835189114338861,2.9399606822701476,1.6516039181884108,0.7983042924174684,2.121040093379798,0.7989351438730075,0,0,1.5395082163592466,4.76298781006328,3.4746310459815435,2.621331420210601,3.9440672211729306,-0.7989351438730075,-0.7989351438730075,0.7405730724862392,3.964052666190273,2.675695902108536,1.8223962763375936,3.145132077299923,0,1.5395082163592466,4.76298781006328,3.4746310459815435,2.621331420210601,3.9440672211729306,1.5395082163592466,4.76298781006328,3.4746310459815435,2.621331420210601,3.9440672211729306,3.2234795937040337,1.9351228296222969,1.0818232038513544,2.404559004813684,-1.2883567640817368,-2.1416563898526793,-0.8189205888903497,-0.8532996257709424,0.46943617519138714,1.3227358009623296,0,0,0,0,0,0,0,0,0,0,0,0,0,0,0,0,0,0,0,0,0,0,0,0,0,0,0,0,0,0,0,0,0,0,0,0,0,0,0,0,0,0,0,0,0,0,0,0,0,0,0,0,0,0,0,0,0,0,0,0,0,0,0,0,0,0,Inf,0,0,TRUE,0,0,0,1,0,1,1,0,0,0,0,0
g__Agathobaculum,-2.391968166245587,-2.5065579534844025,-2.7928342901190497,-2.116531532512275,-2.7928342901190497,-2.7928342901190497,-2.7928342901190497,1.859486549218861,-1.061581927630396,-1.6567464984201825,1.8310531102215188,-0.1145897872388153,-0.40086612387346277,0.2754366337333122,-0.40086612387346277,-0.40086612387346277,-0.40086612387346277,4.2514547154644475,1.330386238615191,0.7352216678254044,4.223021276467106,-0.28627633663464747,0.3900264209721275,-0.28627633663464747,-0.28627633663464747,-0.28627633663464747,4.3660445027032635,1.4449760258540063,0.8498114550642197,4.337611063705921,0.6763027576067749,0,0,0,4.652320839337911,1.7312523624886538,1.1360877916988672,4.6238874003405686,-0.6763027576067749,-0.6763027576067749,-0.6763027576067749,3.976018081731136,1.054949604881879,0.45978503409209226,3.9475846427337937,0,0,4.652320839337911,1.7312523624886538,1.1360877916988672,4.6238874003405686,0,4.652320839337911,1.7312523624886538,1.1360877916988672,4.6238874003405686,4.652320839337911,1.7312523624886538,1.1360877916988672,4.6238874003405686,-2.921068476849257,-3.5162330476390435,-0.028433438997342186,-0.5951645707897866,2.892635037851915,3.4877996086417014,0,0,0,0,0,0,0,0,0,0,0,0,0,0,0,0,0,0,0,0,0,0,0,0,0,0,0,0,0,0,0,0,0,0,0,0,0,0,0,0,0,0,0,0,0,0,0,0,0,0,0,0,0,0,0,0,0,0,0,0,0,0,0,0,0,0,Inf,0,0,TRUE,0,0,0,1,0,1,1,1,0,0,0,0
g__Lawsonibacter,-2.8078793848126677,-1.6857487689467505,-3.001977432620518,-2.046378000974168,-3.001977432620518,-3.001977432620518,-3.001977432620518,-1.4806921384196057,-1.0682973984867035,-1.6001952645824735,-0.13127005879359332,1.122130615865917,-0.19409804780785067,0.7615013838384994,-0.19409804780785067,-0.19409804780785067,-0.19409804780785067,1.3271872463930618,1.739581986325964,1.207684120230194,2.676609326019074,-1.3162286636737677,-0.3606292320274176,-1.3162286636737677,-1.3162286636737677,-1.3162286636737677,0.20505663052714485,0.61745137046004706,0.085553504364277,1.5544787101531572,0.9555994316463501,0,0,0,1.5212852942009125,1.9336800341338147,1.4017821680380447,2.870707373826925,-0.9555994316463501,-0.9555994316463501,-0.9555994316463501,0.5656858625545624,0.9780806024874646,0.4461827363916946,1.9151079421805748,0,0,1.5212852942009125,1.9336800341338147,1.4017821680380447,2.870707373826925,0,1.5212852942009125,1.9336800341338147,1.4017821680380447,2.870707373826925,1.5212852942009125,1.9336800341338147,1.4017821680380447,2.870707373826925,0.4123947399329022,-0.11950312616286785,1.3494220796260123,-0.53189786609577006,0.9370273396931101,1.4689252057888802,0,0,0,0,0,0,0,0,0,0,0,0,0,0,0,0,0,0,0,0,0,0,0,0,0,0,0,0,0,0,0,0,0,0,0,0,0,0,0,0,0,0,0,0,0,0,0,0,0,0,0,0,0,0,0,0,0,0,0,0,0,0,0,0,0,0,Inf,0,0,TRUE,0,0,0,1,0,1,1,1,0,0,0,0
g__Butyricicoccus,-1.6223571147333322,-1.6223571147333322,-1.6223571147333322,-1.6223571147333322,-1.6223571147333322,-1.6223571147333322,-1.6223571147333322,0.14536394089726068,-0.05600279022327559,-0.726914936229428,-0.09817173704738358,0,0,0,0,0,0,1.767721055630593,1.5663543245100566,0.8954421785039042,1.5241853776859486,0,0,0,0,0,1.767721055630593,1.5663543245100566,0.8954421785039042,1.5241853776859486,0,0,0,0,1.767721055630593,1.5663543245100566,0.8954421785039042,1.5241853776859486,0,0,0,1.767721055630593,1.5663543245100566,0.8954421785039042,1.5241853776859486,0,0,1.767721055630593,1.5663543245100566,0.8954421785039042,1.5241853776859486,0,1.767721055630593,1.5663543245100566,0.8954421785039042,1.5241853776859486,1.767721055630593,1.5663543245100566,0.8954421785039042,1.5241853776859486,-0.20136673112053627,-0.8722788771266887,-0.24353567794464426,-0.6709121460061525,-0.04216894682410799,0.6287431991820445,0,0,0,0,0,0,0,0,0,0,0,0,0,0,0,0,0,0,0,0,0,0,0,0,0,0,0,0,0,0,0,0,0,0,0,0,0,0,0,0,0,0,0,0,0,0,0,0,0,0,0,0,0,0,0,0,0,0,0,0,0,0,0,0,0,0,Inf,0,0,TRUE,0,1,1,1,1,1,1,1,0,0,0,0
g__Bilophila,-0.7721713272665185,-0.9681669763012084,0.2769301199024148,-0.20612078090123154,0.5929323456312923,0.5244067668953929,0.4590925359021636,-0.30833907291764007,-1.0125688194938347,-0.7292352921939058,0.2285588183885836,-0.1959956490346899,1.0491014471689333,0.566050546365287,1.3651036728978108,1.2965780941619114,1.231263863168682,0.4638322543488784,-0.2403974922273162,0.04293603507261268,1.000730145655102,1.2450970962036232,0.7620461953999769,1.5610993219325007,1.4925737431966013,1.427259512203372,0.6598279033835683,-0.0444018431926263,0.2389316841073026,1.196725794689792,-0.4830509008036463,0.3160022257288775,0.2474766469929781,0.1821624159997488,-0.5852691928200549,-1.2894989393962495,-1.0061654120963206,-0.04837130151383118,0.7990531265325238,0.7305275477966244,0.6652133168033951,-0.10221829201640853,-0.8064480385926032,-0.5231145112926743,0.43467959928981514,-0.06852557873589937,-0.13383980972912868,-0.9012714185489323,-1.605501165125127,-1.322167637825198,-0.36437352724270866,-0.0653142309932293,-0.832745839813033,-1.5369755863892276,-1.2536420590892987,-0.2958479485068093,-0.7674316088198037,-1.4716613553959983,-1.1883278280960694,-0.23053371751357998,-0.7042297465761946,-0.42089621927626575,0.5368978913062237,0.2833335272999289,1.2411276378824183,0.9577941105824894,0.3921480987971912,0.4855703564830733,0.9464899977221872,0.5434919485633234,0.9128887200569102,1.1108396425314888,0.8814314875650515,0.6037520875593458,0.43758969966889955,0.35820371378510935,0.6987879829244502,0.5403529979996511,0.9793291474010589,0.5931726793905274,0.9444390580026176,1.138091427532939,0.9136279083024602,0.6487620079528185,0.5001801706848884,0.4290645011093346,0.7409564225417249,1.020282219828598,0.6597194803998376,0.9871348220343105,1.1735715124253567,0.9577906524594427,0.7100487078864068,0.5773751410172134,0.5181048215260351,0.7945402147053648,1.049110362128934,1.2801282554706632,1.428001174948126,1.2579699571563774,1.0816251355437783,0.9985164881317485,0.966250778938606,1.1373964272557298,1.0168340363464523,1.1986855631772098,0.988377205542795,0.750846818889882,0.6268362569841951,0.5728461614776502,0.831154323326546,1.405284992890306,1.231047433071435,1.0501955494463737,0.9651829347485275,0.9314041673875727,1.108554156292848,1.38507287967881,1.2271893115767858,1.154876366775344,1.1270092818587196,1.276900721982064,1.022655918711277,0.9352447579528566,0.9002454313706969,1.0827123404485623,0.6795938894811873,0.6301728808039018,0.8716821299236499,0.47578641299490404,0.7668769298420622,0.7240997353539824,2.3139685880631804,0.006,0.018000000000000002,TRUE,0,0,0,0,0,0,0,0,0,0,0,0
g__GGB9614,-0.2467918829152692,0.47432755178597197,-0.748206467484188,0.03082218761674027,-0.748206467484188,-0.748206467484188,-0.748206467484188,-0.748206467484188,0.3518831927685202,0.03880194016601013,-0.748206467484188,0.7211194347012412,-0.5014145845689187,0.2776140705320095,-0.5014145845689187,-0.5014145845689187,-0.5014145845689187,-0.5014145845689187,0.5986750756837894,0.28559382308127934,-0.5014145845689187,-1.22253401927016,-0.4435053641692317,-1.22253401927016,-1.22253401927016,-1.22253401927016,-1.22253401927016,-0.12244435901745176,-0.43552561161996184,-1.22253401927016,0.7790286551009282,0,0,0,0,1.1000896602527082,0.7870084076501981,0,-0.7790286551009282,-0.7790286551009282,-0.7790286551009282,-0.7790286551009282,0.32106100515177993,0.007979752549269858,-0.7790286551009282,0,0,0,1.1000896602527082,0.7870084076501981,0,0,0,1.1000896602527082,0.7870084076501981,0,0,1.1000896602527082,0.7870084076501981,0,1.1000896602527082,0.7870084076501981,0,-0.3130812526025101,-1.1000896602527082,-0.7870084076501981,0,0,0,0,0,0,0,0,0,0,0,0,0,0,0,0,0,0,0,0,0,0,0,0,0,0,0,0,0,0,0,0,0,0,0,0,0,0,0,0,0,0,0,0,0,0,0,0,0,0,0,0,0,0,0,0,0,0,0,0,0,0,0,0,0,0,Inf,0,0,TRUE,0,0,0,1,0,1,1,1,1,0,0,1
g__GGB33928,-1.2546478097784948,-0.9605606487933376,-1.2546478097784948,-0.9053114131888513,-1.2546478097784948,-1.2546478097784948,-1.2546478097784948,-1.2546478097784948,0.6369066283381637,0.06629167530481617,-0.5820971515674739,0.29408716098515714,0,0.34933639658964344,0,0,0,0,1.8915544381166585,1.320939485083311,0.6725506582110209,-0.29408716098515714,0.0552492356044863,-0.29408716098515714,-0.29408716098515714,-0.29408716098515714,-0.29408716098515714,1.5974672771315013,1.0268523240981537,0.37846349722586375,0.34933639658964344,0,0,0,0,1.8915544381166585,1.320939485083311,0.6725506582110209,-0.34933639658964344,-0.34933639658964344,-0.34933639658964344,-0.34933639658964344,1.542218041527015,0.9716030884936675,0.32321426162137745,0,0,0,1.8915544381166585,1.320939485083311,0.6725506582110209,0,0,1.8915544381166585,1.320939485083311,0.6725506582110209,0,1.8915544381166585,1.320939485083311,0.6725506582110209,1.8915544381166585,1.320939485083311,0.6725506582110209,-0.5706149530333475,-1.2190037799056377,-0.64838882687229,0,0,0,0,0,0,0,0,0,0,0,0,0,0,0,0,0,0,0,0,0,0,0,0,0,0,0,0,0,0,0,0,0,0,0,0,0,0,0,0,0,0,0,0,0,0,0,0,0,0,0,0,0,0,0,0,0,0,0,0,0,0,0,0,0,0,Inf,0,0,TRUE,0,1,0,1,0,1,1,1,1,0,0,0
g__Adlercreutzia,-1.5547861488763348,-1.5547861488763348,-1.5547861488763348,-1.5547861488763348,-1.5547861488763348,-1.5547861488763348,-1.5547861488763348,2.129259603818114,-0.8194436491933919,-1.2012308280035162,2.9353843111122377,0,0,0,0,0,0,3.684045752694449,0.735342499682943,0.3535553208728185,4.490170459988573,0,0,0,0,0,3.684045752694449,0.735342499682943,0.3535553208728185,4.490170459988573,0,0,0,0,3.684045752694449,0.735342499682943,0.3535553208728185,4.490170459988573,0,0,0,3.684045752694449,0.735342499682943,0.3535553208728185,4.490170459988573,0,0,3.684045752694449,0.735342499682943,0.3535553208728185,4.490170459988573,0,3.684045752694449,0.735342499682943,0.3535553208728185,4.490170459988573,3.684045752694449,0.735342499682943,0.3535553208728185,4.490170459988573,-2.948703253011506,-3.33049043182163,0.8061247072941238,-0.3817871788101245,3.7548279603056294,4.136615139115754,0,0,0,0,0,0,0,0,0,0,0,0,0,0,0,0,0,0,0,0,0,0,0,0,0,0,0,0,0,0,0,0,0,0,0,0,0,0,0,0,0,0,0,0,0,0,0,0,0,0,0,0,0,0,0,0,0,0,0,0,0,0,0,0,0,0,Inf,0,0,TRUE,0,1,1,1,1,1,1,1,0,0,0,0
g__GGB9677,-1.0596815309913505,-1.265012939367221,-1.265012939367221,-1.265012939367221,-1.265012939367221,-1.265012939367221,-1.265012939367221,0.8668986735231785,1.0972601665557171,1.1353089868741826,-1.265012939367221,-0.2053314083758703,-0.2053314083758703,-0.2053314083758703,-0.2053314083758703,-0.2053314083758703,-0.2053314083758703,1.926580204514529,2.156941697547068,2.1949905178655333,-0.2053314083758703,0,0,0,0,0,2.1319116128903994,2.362273105922938,2.4003219262414035,0,0,0,0,0,2.1319116128903994,2.362273105922938,2.4003219262414035,0,0,0,0,2.1319116128903994,2.362273105922938,2.4003219262414035,0,0,0,2.1319116128903994,2.362273105922938,2.4003219262414035,0,0,2.1319116128903994,2.362273105922938,2.4003219262414035,0,2.1319116128903994,2.362273105922938,2.4003219262414035,0,0.2303614930325386,0.26841031335100407,-2.1319116128903994,0.03804882031846546,-2.362273105922938,-2.4003219262414035,0,0,0,0,0,0,0,0,0,0,0,0,0,0,0,0,0,0,0,0,0,0,0,0,0,0,0,0,0,0,0,0,0,0,0,0,0,0,0,0,0,0,0,0,0,0,0,0,0,0,0,0,0,0,0,0,0,0,0,0,0,0,0,0,0,0,Inf,0,0,TRUE,0,0,1,1,1,1,1,1,0,0,0,1
g__GGB9602,-0.06157975373050184,-0.6097763514890442,-1.8919713722612135,-0.36813476832301917,-1.8919713722612135,-1.8919713722612135,0.38728545698407246,-0.7418168622717463,1.5649003911141681,1.014111553612253,-0.9291106534011766,-0.5481965977585423,-1.8303916185307116,-0.3065550145925173,-1.8303916185307116,-1.8303916185307116,0.4488652107145743,-0.6802371085412444,1.62648014484467,1.0756913073427548,-0.8675308996706748,-1.2821950207721693,0.24164158316602502,-1.2821950207721693,-1.2821950207721693,0.9970618084731167,-0.13204051078270207,2.1746767426032125,1.623887905101297,-0.3193343019121324,1.5238366039381943,0,0,2.279256829245286,1.1501545099894672,3.4568717633753816,2.9060829258734664,0.9628607188600369,-1.5238366039381943,-1.5238366039381943,0.7554202253070916,-0.3736820939487271,1.9330351594371873,1.382246321935272,-0.5609758850781574,0,2.279256829245286,1.1501545099894672,3.4568717633753816,2.9060829258734664,0.9628607188600369,2.279256829245286,1.1501545099894672,3.4568717633753816,2.9060829258734664,0.9628607188600369,-1.1291023192558187,1.1776149341300957,0.6268260966281805,-1.316396110385249,2.3067172533859144,1.7559284158839992,-0.18729379112943034,-0.5507888375019152,-2.4940110445153447,-1.9432222070134295,0,0,0,0,0,0,0,0,0,0,0,0,0,0,0,0,0,0,0,0,0,0,0,0,0,0,0,0,0,0,0,0,0,0,0,0,0,0,0,0,0,0,0,0,0,0,0,0,0,0,0,0,0,0,0,0,0,0,0,0,0,0,0,0,0,0,Inf,0,0,TRUE,0,0,0,1,0,1,1,0,0,0,0,0
g__GGB3653,-1.4137519474080424,-1.5274291530203734,-2.052366691956054,-1.3687909204317497,-2.052366691956054,-2.052366691956054,-2.052366691956054,0.9899811991051264,-0.025643217708566368,-0.24671194150631792,1.6732877419131063,-0.11367720561233086,-0.6386147445480115,0.044961026976292895,-0.6386147445480115,-0.6386147445480115,-0.6386147445480115,2.4037331465131686,1.388108729699476,1.1670400059017245,3.0870396893211485,-0.5249375389356806,0.15863823258862375,-0.5249375389356806,-0.5249375389356806,-0.5249375389356806,2.5174103521255,1.501785935311807,1.2807172115140553,3.2007168949334797,0.6835757715243044,0,0,0,3.0423478910611803,2.0267234742474876,1.805654750449736,3.72565443386916,-0.6835757715243044,-0.6835757715243044,-0.6835757715243044,2.358772119536876,1.3431477027231833,1.1220789789254315,3.042078662344856,0,0,3.0423478910611803,2.0267234742474876,1.805654750449736,3.72565443386916,0,3.0423478910611803,2.0267234742474876,1.805654750449736,3.72565443386916,3.0423478910611803,2.0267234742474876,1.805654750449736,3.72565443386916,-1.0156244168136928,-1.2366931406114443,0.6833065428079799,-0.22106872379775155,1.6989309596216726,1.9199996834194242,0,0,0,0,0,0,0,0,0,0,0,0,0,0,0,0,0,0,0,0,0,0,0,0,0,0,0,0,0,0,0,0,0,0,0,0,0,0,0,0,0,0,0,0,0,0,0,0,0,0,0,0,0,0,0,0,0,0,0,0,0,0,0,0,0,0,Inf,0,0,TRUE,0,0,0,1,0,1,1,1,0,0,0,0
g__Evtepia,-1.7396709066845664,-1.267942208405494,-1.7396709066845664,-1.044721959749582,-1.7396709066845664,-1.7396709066845664,-0.6623609947800266,0.6154807952086281,-1.310853363772528,-1.4581144716440342,1.7879035551757019,0.4717286982790723,0,0.6949489469349844,0,0,1.0773099119045397,2.3551517018931944,0.42881754291203844,0.2815564350405322,3.5275744618602682,-0.4717286982790723,0.2232202486559121,-0.4717286982790723,-0.4717286982790723,0.6055812136254675,1.8834230036141222,-0.04291115536703388,-0.19017226323854014,3.0558457635811958,0.6949489469349844,0,0,1.0773099119045397,2.3551517018931944,0.42881754291203844,0.2815564350405322,3.5275744618602682,-0.6949489469349844,-0.6949489469349844,0.3823609649695553,1.6602027549582101,-0.266131404022946,-0.41339251189445225,2.832625514925284,0,1.0773099119045397,2.3551517018931944,0.42881754291203844,0.2815564350405322,3.5275744618602682,1.0773099119045397,2.3551517018931944,0.42881754291203844,0.2815564350405322,3.5275744618602682,1.2778417899886547,-0.6484923689925013,-0.7957534768640075,2.4502645499557287,-1.926334158981156,-2.0735952668526623,1.1724227599670738,-0.14726110787150626,3.09875691894823,3.246018026819736,0,0,0,0,0,0,0,0,0,0,0,0,0,0,0,0,0,0,0,0,0,0,0,0,0,0,0,0,0,0,0,0,0,0,0,0,0,0,0,0,0,0,0,0,0,0,0,0,0,0,0,0,0,0,0,0,0,0,0,0,0,0,0,0,0,0,Inf,0,0,TRUE,0,1,0,1,0,1,1,0,0,0,0,0
g__GGB9713,0.6705013511107842,0.0036170811566202943,-0.036242645715309774,1.3143631966485416,-0.05279500547105398,-0.27906746338346755,-0.26219906052816455,0.2473030078247218,0.14764232657719978,0.07891953750886493,-0.11241504651370171,-0.6668842699541639,-0.706743996826094,0.6438618455377574,-0.7232963565818382,-0.9495688144942518,-0.9327004116389488,-0.42319834328606243,-0.5228590245335845,-0.5915818136019193,-0.782916397624486,-0.03985972687193007,1.3107461154919213,-0.056412086627674274,-0.28268454454008785,-0.26581614168478485,0.24368592666810152,0.14402524542057948,0.07530245635224464,-0.116032127670322,1.3506058423638514,-0.016552359755744206,-0.24282481766815778,-0.22595641481285478,0.2835456535400316,0.18388497229250955,0.11516218322417471,-0.07617240079839194,-1.3671582021195956,-1.5934306600320092,-1.5765622571767062,-1.0670601888238198,-1.1667208700713418,-1.2354436591396767,-1.4267782431622433,-0.22627245791241357,-0.20940405505711057,0.3000980132957758,0.20043733204825376,0.1317145429799189,-0.05962004104264773,0.016868402855303,0.5263704712081894,0.42670978996066733,0.3579870008923325,0.16665241686976584,0.5095020683528864,0.40984138710536433,0.3411185980370295,0.14978401401446284,-0.09966068124752203,-0.16838347031585688,-0.3597180543384235,-0.06872278906833484,-0.2600573730909015,-0.19133458402256664,0.43110584327282525,0.5045820379405405,0.8446442937234946,0.5889548368297614,0.90196237096424825,1.0471046284501535,0.948234471389292,0.6189629378776842,0.4305219004342726,0.34646442208936407,0.6541366379992106,0.6059712821053252,0.9080829102239605,0.6786401311495366,0.9618835478095712,1.0990831064969437,1.006386175746412,0.7036395272243023,0.5459743767605288,0.4813051726068939,0.7344916040529054,0.9450579600218282,0.7273523696600123,0.9968411965120038,1.1298053060805362,1.0398833181929057,0.7507194030616025,0.605437534173747,0.5479268304235062,0.7797250149612728,0.9936040786706541,1.204637261738739,1.3167769444421018,1.2412361219465615,1.010432648697295,0.9077037826372013,0.8702234052919131,1.0320957429244135,1.04279471831629,1.1705880354060978,1.0835543953669777,0.8106599016601862,0.6782009973992131,0.6278148116108119,0.8377318188880654,1.354418828737725,1.2807690388261173,1.059045733366564,0.9615411754769381,0.9264235857197609,1.0797947720309389,1.3868909459346546,1.1850474157154354,1.0987820245682038,1.0681811107378578,1.2036224433120903,1.099874161217027,1.0061028601018365,0.9729743844018897,1.1200925985960275,0.7031714168535332,0.6542633173146056,0.857802701198488,0.480559943378759,0.7340314524286631,0.6871959133157077,2.23168758359049,0.009,0.026999999999999996,TRUE,0,0,0,0,0,0,0,0,0,0,0,0
g__GGB9634,-0.6919326995492519,-0.8566456079021283,-1.832061201854095,-0.9658671818344671,-1.832061201854095,-1.832061201854095,-1.832061201854095,-0.16114262650937472,1.2500791221663865,0.42366705737708243,-0.7416530838231219,-0.16471290835287644,-1.140128502304843,-0.2739344822852152,-1.140128502304843,-1.140128502304843,-1.140128502304843,0.5307900730398771,1.9420118217156384,1.1155997569263343,-0.049720384273870044,-0.9754155939519666,-0.10922157393233878,-0.9754155939519666,-0.9754155939519666,-0.9754155939519666,0.6955029813927536,2.106724730068515,1.2803126652792107,0.1149925240790064,0.8661940200196279,0,0,0,1.6709185753447202,3.0821403240204814,2.2557282592311774,1.090408118030973,-0.8661940200196279,-0.8661940200196279,-0.8661940200196279,0.80472455532509235,2.2159463040008536,1.3895342392115495,0.22421409801134518,0,0,1.6709185753447202,3.0821403240204814,2.2557282592311774,1.090408118030973,0,1.6709185753447202,3.0821403240204814,2.2557282592311774,1.090408118030973,1.6709185753447202,3.0821403240204814,2.2557282592311774,1.090408118030973,1.4112217486757612,0.5848096838864572,-0.5805104573137472,-0.8264120647893041,-1.9917322059895084,-1.1653201412002043,0,0,0,0,0,0,0,0,0,0,0,0,0,0,0,0,0,0,0,0,0,0,0,0,0,0,0,0,0,0,0,0,0,0,0,0,0,0,0,0,0,0,0,0,0,0,0,0,0,0,0,0,0,0,0,0,0,0,0,0,0,0,0,0,0,0,Inf,0,0,TRUE,0,0,0,1,0,1,1,1,0,0,0,0
g__GGB80140,-1.1133769464865773,-1.3335893086668804,-1.627259565900352,-1.627259565900352,-1.627259565900352,-1.627259565900352,-1.627259565900352,-0.2588315155519476,1.5585184782465422,0.7858195919582132,-0.18986408341872352,-0.22021236218030305,-0.5138826194137746,-0.5138826194137746,-0.5138826194137746,-0.5138826194137746,-0.5138826194137746,0.8545454309346298,2.6718954247331195,1.8991965384447904,0.9235128630678539,-0.2936702572334715,-0.2936702572334715,-0.2936702572334715,-0.2936702572334715,-0.2936702572334715,1.0747577931149328,2.8921077869134226,2.1194089006250936,1.143725225248157,0,0,0,0,1.3684280503484043,3.185778044146894,2.413079157858565,1.4373954824816284,0,0,0,1.3684280503484043,3.185778044146894,2.413079157858565,1.4373954824816284,0,0,1.3684280503484043,3.185778044146894,2.413079157858565,1.4373954824816284,0,1.3684280503484043,3.185778044146894,2.413079157858565,1.4373954824816284,1.3684280503484043,3.185778044146894,2.413079157858565,1.4373954824816284,1.8173499937984898,1.0446511075101608,0.0689674321332241,-0.7726988862883291,-1.7483825616652657,-0.9756836753769367,0,0,0,0,0,0,0,0,0,0,0,0,0,0,0,0,0,0,0,0,0,0,0,0,0,0,0,0,0,0,0,0,0,0,0,0,0,0,0,0,0,0,0,0,0,0,0,0,0,0,0,0,0,0,0,0,0,0,0,0,0,0,0,0,0,0,Inf,0,0,TRUE,0,0,0,1,1,1,1,1,0,0,0,0
g__GGB34797,-1.332177498032288,-1.332177498032288,-1.332177498032288,-1.332177498032288,-1.332177498032288,-1.332177498032288,-1.332177498032288,1.154089087919092,-0.48985942505896474,-0.2180496166791155,-0.21858870263317387,0,0,0,0,0,0,2.48626658595138,0.8423180729733233,1.1141278813531725,1.1135887953991142,0,0,0,0,0,2.48626658595138,0.8423180729733233,1.1141278813531725,1.1135887953991142,0,0,0,0,2.48626658595138,0.8423180729733233,1.1141278813531725,1.1135887953991142,0,0,0,2.48626658595138,0.8423180729733233,1.1141278813531725,1.1135887953991142,0,0,2.48626658595138,0.8423180729733233,1.1141278813531725,1.1135887953991142,0,2.48626658595138,0.8423180729733233,1.1141278813531725,1.1135887953991142,2.48626658595138,0.8423180729733233,1.1141278813531725,1.1135887953991142,-1.6439485129780567,-1.3721387045982074,-1.3726777905522658,0.27180980837984925,0.27127072242579087,-5.390859540583826e-4,0,0,0,0,0,0,0,0,0,0,0,0,0,0,0,0,0,0,0,0,0,0,0,0,0,0,0,0,0,0,0,0,0,0,0,0,0,0,0,0,0,0,0,0,0,0,0,0,0,0,0,0,0,0,0,0,0,0,0,0,0,0,0,0,0,0,Inf,0,0,TRUE,0,1,1,1,1,1,1,1,0,0,0,0
g__GGB33469,-1.966836469909853,-1.7052702542164813,-0.6602217692489978,-1.908694405567254,-2.7613166025794427,-2.7613166025794427,-1.280320142472118,-0.24826168232566959,0.8766758450202978,0.2353250368160098,-0.7192178302118797,0.2615662156933719,1.3066147006608553,0.058142064342599276,-0.7944801326695895,-0.7944801326695895,0.6865163274377352,1.7185747875841835,2.843512314930151,2.202161506725863,1.2476186396979734,1.0450484849674835,-0.20342415135077263,-1.0560463483629614,-1.0560463483629614,0.42495011174436326,1.4570085718908117,2.581946099236779,1.940595291032491,0.9860524240046016,-1.2484726363182561,-2.101094833330445,-2.101094833330445,-0.6200983732231202,0.4119600869233282,1.5368976142692956,0.8955468060650076,-0.0589960609628819,-0.8526221970121888,-0.8526221970121888,0.6283742630951359,1.6604327232415843,2.785370250587552,2.1440194423832635,1.1894765753553742,0,1.4809964601073247,2.513054920253773,3.6379924475997405,2.9966416393954525,2.042098772367563,1.4809964601073247,2.513054920253773,3.6379924475997405,2.9966416393954525,2.042098772367563,1.0320584601464484,2.156995987492416,1.5156451792881278,0.5611023122602383,1.1249375273459674,0.4835867191416794,-0.4709561478862101,-0.641350808204288,-1.5958936752321775,-0.9545428670278895,0,0,0,0,0,0,0,0,0,0,0,0,0,0,0,0,0,0,0,0,0,0,0,0,0,0,0,0,0,0,0,0,0,0,0,0,0,0,0,0,0,0,0,0,0,0,0,0,0,0,0,0,0,0,0,0,0,0,0,0,0,0,0,0,0,0,Inf,0,0,TRUE,0,0,0,0,0,1,1,0,0,0,0,0
g__GGB9747,-0.29230253439214904,-0.5957233465043141,-1.8775847758598136,0.1386391606233881,-1.8775847758598136,-1.8775847758598136,-1.8775847758598136,-0.22104680363069384,1.1779431884551161,0.5758744355050378,-1.0716814075779408,-0.3034208121121651,-1.5852822414676646,0.43094169501553714,-1.5852822414676646,-1.5852822414676646,-1.5852822414676646,0.0712557307614552,1.4702457228472652,0.8681769698971868,-0.7793788731857918,-1.2818614293554995,0.7343625071277022,-1.2818614293554995,-1.2818614293554995,-1.2818614293554995,0.3746765428736203,1.7736665349594303,1.171597782009352,-0.4759580610736267,2.0162239364832018,0,0,0,1.6565379722291198,3.05552796431493,2.4534592113648515,0.8059033682818728,-2.0162239364832018,-2.0162239364832018,-2.0162239364832018,-0.35968596425408195,1.039304027831728,0.4372352748816497,-1.210320568201329,0,0,1.6565379722291198,3.05552796431493,2.4534592113648515,0.8059033682818728,0,1.6565379722291198,3.05552796431493,2.4534592113648515,0.8059033682818728,1.6565379722291198,3.05552796431493,2.4534592113648515,0.8059033682818728,1.39898999208581,0.7969212391357317,-0.850634603947247,-0.6020687529500783,-2.249624596033057,-1.6475558430829786,0,0,0,0,0,0,0,0,0,0,0,0,0,0,0,0,0,0,0,0,0,0,0,0,0,0,0,0,0,0,0,0,0,0,0,0,0,0,0,0,0,0,0,0,0,0,0,0,0,0,0,0,0,0,0,0,0,0,0,0,0,0,0,0,0,0,Inf,0,0,TRUE,0,0,0,1,0,1,1,1,0,0,0,0
g__GGB9636,-1.2230291529993238,-1.2230291529993238,-1.2230291529993238,-1.2230291529993238,-1.2230291529993238,-1.2230291529993238,-1.2230291529993238,0.9491551767435125,1.0083768584785036,0.27480419914260845,-1.2230291529993238,0,0,0,0,0,0,2.1721843297428363,2.2314060114778274,1.4978333521419323,0,0,0,0,0,0,2.1721843297428363,2.2314060114778274,1.4978333521419323,0,0,0,0,0,2.1721843297428363,2.2314060114778274,1.4978333521419323,0,0,0,0,2.1721843297428363,2.2314060114778274,1.4978333521419323,0,0,0,2.1721843297428363,2.2314060114778274,1.4978333521419323,0,0,2.1721843297428363,2.2314060114778274,1.4978333521419323,0,2.1721843297428363,2.2314060114778274,1.4978333521419323,0,0.059221681734991094,-0.674350977600904,-2.1721843297428363,-0.7335726593358951,-2.2314060114778274,-1.4978333521419323,0,0,0,0,0,0,0,0,0,0,0,0,0,0,0,0,0,0,0,0,0,0,0,0,0,0,0,0,0,0,0,0,0,0,0,0,0,0,0,0,0,0,0,0,0,0,0,0,0,0,0,0,0,0,0,0,0,0,0,0,0,0,0,0,0,0,Inf,0,0,TRUE,0,1,1,1,1,1,1,1,0,0,0,1
g__GGB3109,-0.8662043407619844,-0.634373571867334,-1.2275027768502649,-0.8119158658407364,-1.2275027768502649,-1.2275027768502649,-1.2275027768502649,-1.2275027768502649,-0.11324919343726703,-0.09349132697161022,0.2696303706965144,0.23183076889465043,-0.36129843608828044,0.05428847492124805,-0.36129843608828044,-0.36129843608828044,-0.36129843608828044,-0.36129843608828044,0.7529551473247174,0.7727130137903742,1.1358347114584988,-0.5931292049829309,-0.17754229397340238,-0.5931292049829309,-0.5931292049829309,-0.5931292049829309,-0.5931292049829309,0.521124378430067,0.5408822448957238,0.9040039425638484,0.4155869110095285,0,0,0,0,1.1142535834129979,1.1340114498786547,1.4971331475467793,-0.4155869110095285,-0.4155869110095285,-0.4155869110095285,-0.4155869110095285,0.6986666724034694,0.7184245388691262,1.0815462365372508,0,0,0,1.1142535834129979,1.1340114498786547,1.4971331475467793,0,0,1.1142535834129979,1.1340114498786547,1.4971331475467793,0,1.1142535834129979,1.1340114498786547,1.4971331475467793,1.1142535834129979,1.1340114498786547,1.4971331475467793,0.019757866465656804,0.38287956413378144,0.36312169766812463,0,0,0,0,0,0,0,0,0,0,0,0,0,0,0,0,0,0,0,0,0,0,0,0,0,0,0,0,0,0,0,0,0,0,0,0,0,0,0,0,0,0,0,0,0,0,0,0,0,0,0,0,0,0,0,0,0,0,0,0,0,0,0,0,0,0,Inf,0,0,TRUE,0,0,0,1,0,1,1,1,1,0,0,0
g__GGB3321,-1.0842551276028911,-1.0842551276028911,-1.0842551276028911,-0.710645934809032,-1.0842551276028911,-1.0842551276028911,-1.0842551276028911,-1.0842551276028911,0.4494377943609873,0.1667202334025224,-1.0842551276028911,0,0,0.37360919279385907,0,0,0,0,1.5336929219638784,1.2509753610054135,0,0,0.37360919279385907,0,0,0,0,1.5336929219638784,1.2509753610054135,0,0.37360919279385907,0,0,0,0,1.5336929219638784,1.2509753610054135,0,-0.37360919279385907,-0.37360919279385907,-0.37360919279385907,-0.37360919279385907,1.1600837291700192,0.8773661682115544,-0.37360919279385907,0,0,0,1.5336929219638784,1.2509753610054135,0,0,0,1.5336929219638784,1.2509753610054135,0,0,1.5336929219638784,1.2509753610054135,0,1.5336929219638784,1.2509753610054135,0,-0.2827175609584649,-1.5336929219638784,-1.2509753610054135,0,0,0,0,0,0,0,0,0,0,0,0,0,0,0,0,0,0,0,0,0,0,0,0,0,0,0,0,0,0,0,0,0,0,0,0,0,0,0,0,0,0,0,0,0,0,0,0,0,0,0,0,0,0,0,0,0,0,0,0,0,0,0,0,0,0,Inf,0,0,TRUE,0,1,1,1,0,1,1,1,1,0,0,1
g__GGB9616,-0.9103610953958186,-0.1702145288135447,-1.1032346786359506,-0.7468641685768802,-1.1032346786359506,-1.1032346786359506,-1.1032346786359506,-1.1032346786359506,0.26372304401810753,-0.2515083054803601,-1.1032346786359506,0.7401465665822737,-0.1928735832401321,0.1634969268189383,-0.1928735832401321,-0.1928735832401321,-0.1928735832401321,-0.1928735832401321,1.174084139413926,0.6588527899154584,-0.1928735832401321,-0.9330201498224059,-0.5766496397633355,-0.9330201498224059,-0.9330201498224059,-0.9330201498224059,-0.9330201498224059,0.43393757283165224,-0.08129377666681536,-0.9330201498224059,0.3563705100590704,0,0,0,0,1.3669577226540581,0.8517263731555905,0,-0.3563705100590704,-0.3563705100590704,-0.3563705100590704,-0.3563705100590704,1.0105872125949877,0.49535586309652013,-0.3563705100590704,0,0,0,1.3669577226540581,0.8517263731555905,0,0,0,1.3669577226540581,0.8517263731555905,0,0,1.3669577226540581,0.8517263731555905,0,1.3669577226540581,0.8517263731555905,0,-0.5152313494984676,-1.3669577226540581,-0.8517263731555905,0,0,0,0,0,0,0,0,0,0,0,0,0,0,0,0,0,0,0,0,0,0,0,0,0,0,0,0,0,0,0,0,0,0,0,0,0,0,0,0,0,0,0,0,0,0,0,0,0,0,0,0,0,0,0,0,0,0,0,0,0,0,0,0,0,0,Inf,0,0,TRUE,0,0,0,1,0,1,1,1,1,0,0,1
g__Desulfovibrio,-0.5392733818417421,-1.126129884441566,-0.5681304344901963,-0.21015249466163688,-0.3628225441833288,-0.0041903472451294554,0.18057486187243343,-2.011397175933189,0.7171724973618794,0.7741309568671322,-0.8981806512844495,-0.5868565025998239,-0.028857052648454173,0.32912088718010524,0.1764508376584133,0.5350830345966127,0.7198482437141756,-1.472123794091447,1.2564458792036215,1.3134043387088743,-0.35890726944270734,0.5579994499513697,0.9159773897799292,0.7633073402582372,1.1219395371964365,1.3067047463139994,-0.885267291491623,1.8433023818034453,1.900260841308698,0.22794923315711657,0.3579779398285594,0.20530789030686747,0.5639400872450668,0.7487052963626297,-1.4432667414429927,1.2853029318520757,1.3422613913573285,-0.33005021679425317,-0.15267004952169194,0.20596214741650742,0.3907273565340703,-1.8012446812715521,0.9273249920235163,0.9842834515287691,-0.6880281566228126,0.35863219693819937,0.5433974060557623,-1.6485746317498602,1.0799950415452082,1.136953501050461,-0.5353581071011206,0.1847652091175629,-2.0072068286880596,0.7213628446070088,0.7783213041122616,-0.89399030403932,-2.1919720378056224,0.536597635489446,0.5935560949946987,-1.078755513156883,2.7285696732950684,2.785528132800321,1.1132165246487395,0.0569584595052528,-1.6153531486463288,-1.6723116081515816,0,0,0,0,0,0,0,0,0,0,0,0,0,0,0,0,0,0,0,0,0,0,0,0,0,0,0,0,0,0,0,0,0,0,0,0,0,0,0,0,0,0,0,0,0,0,0,0,0,0,0,0,0,0,0,0,0,0,0,0,0,0,0,0,0,0,Inf,0,0,TRUE,0,0,0,0,0,0,0,0,1,0,0,0
g__GGB9176,0.993476348266777,0.4812765383081259,-0.8265836169965517,0.48965247160382375,-0.8265836169965517,-0.8265836169965517,-0.8265836169965517,-0.8265836169965517,0.6205654293247735,0.4307461115140141,-0.8265836169965517,-0.5121998099586511,-1.8200599652633287,-0.5038238766629533,-1.8200599652633287,-1.8200599652633287,-1.8200599652633287,-1.8200599652633287,-0.37291091894200346,-0.5627302367527629,-1.8200599652633287,-1.3078601553046776,0.008375933295697857,-1.3078601553046776,-1.3078601553046776,-1.3078601553046776,-1.3078601553046776,0.13928889101664765,-0.050530426794111793,-1.3078601553046776,1.3162360886003754,0,0,0,0,1.4471490463213252,1.2573297285105658,0,-1.3162360886003754,-1.3162360886003754,-1.3162360886003754,-1.3162360886003754,0.1309129577209498,-0.05890636008980965,-1.3162360886003754,0,0,0,1.4471490463213252,1.2573297285105658,0,0,0,1.4471490463213252,1.2573297285105658,0,0,1.4471490463213252,1.2573297285105658,0,1.4471490463213252,1.2573297285105658,0,-0.18981931781075945,-1.4471490463213252,-1.2573297285105658,0,0,0,0,0,0,0,0,0,0,0,0,0,0,0,0,0,0,0,0,0,0,0,0,0,0,0,0,0,0,0,0,0,0,0,0,0,0,0,0,0,0,0,0,0,0,0,0,0,0,0,0,0,0,0,0,0,0,0,0,0,0,0,0,0,0,Inf,0,0,TRUE,0,0,0,1,0,1,1,1,1,0,0,1
g__GGB15850,-0.7253335584173218,-0.9652365139455686,-0.9652365139455686,-0.9652365139455686,-0.9652365139455686,-0.9652365139455686,-0.9652365139455686,-0.9652365139455686,1.161832751231259,1.0096266699842826,-0.9652365139455686,-0.23990295552824684,-0.23990295552824684,-0.23990295552824684,-0.23990295552824684,-0.23990295552824684,-0.23990295552824684,-0.23990295552824684,1.887166309648581,1.7349602284016044,-0.23990295552824684,0,0,0,0,0,0,2.1270692651768277,1.9748631839298512,0,0,0,0,0,0,2.1270692651768277,1.9748631839298512,0,0,0,0,0,2.1270692651768277,1.9748631839298512,0,0,0,0,2.1270692651768277,1.9748631839298512,0,0,0,2.1270692651768277,1.9748631839298512,0,0,2.1270692651768277,1.9748631839298512,0,2.1270692651768277,1.9748631839298512,0,-0.15220608124697654,-2.1270692651768277,-1.9748631839298512,0,0,0,0,0,0,0,0,0,0,0,0,0,0,0,0,0,0,0,0,0,0,0,0,0,0,0,0,0,0,0,0,0,0,0,0,0,0,0,0,0,0,0,0,0,0,0,0,0,0,0,0,0,0,0,0,0,0,0,0,0,0,0,0,0,0,Inf,0,0,TRUE,0,0,1,1,1,1,1,1,1,0,0,1
g__GGB9712,-1.4231271837516788,-1.1056476120583896,-1.7755595280296825,-0.8397644320305773,-1.7755595280296825,-1.7755595280296825,-1.7755595280296825,-0.48266359069377707,0.3349013680908226,-0.4259128180068097,-0.16132706024129573,0.3174795716932892,-0.35243234427800363,0.5833627517211016,-0.35243234427800363,-0.35243234427800363,-0.35243234427800363,0.9404635930579018,1.7580285518425014,0.9972143657448692,1.2618001235103833,-0.6699119159712928,0.2658831800278124,-0.6699119159712928,-0.6699119159712928,-0.6699119159712928,0.6229840213646126,1.4405489801492122,0.67973479405158,0.944320551817094,0.9357950959991053,0,0,0,1.2928959373359055,2.110460896120505,1.3496467100228728,1.6142324677883868,-0.9357950959991053,-0.9357950959991053,-0.9357950959991053,0.3571008413368002,1.1746658001213999,0.4138516140237676,0.6784373717892815,0,0,1.2928959373359055,2.110460896120505,1.3496467100228728,1.6142324677883868,0,1.2928959373359055,2.110460896120505,1.3496467100228728,1.6142324677883868,1.2928959373359055,2.110460896120505,1.3496467100228728,1.6142324677883868,0.8175649587845997,0.05675077268696738,0.32133653045248134,-0.7608141860976323,-0.49622842833211833,0.26458575776551396,0,0,0,0,0,0,0,0,0,0,0,0,0,0,0,0,0,0,0,0,0,0,0,0,0,0,0,0,0,0,0,0,0,0,0,0,0,0,0,0,0,0,0,0,0,0,0,0,0,0,0,0,0,0,0,0,0,0,0,0,0,0,0,0,0,0,Inf,0,0,TRUE,0,0,0,1,0,1,1,1,0,0,0,0
g__Catenibacterium,-1.171025446700186,-1.5044412649612025,-1.5044412649612025,-1.5044412649612025,-1.5044412649612025,-1.5044412649612025,-1.5044412649612025,-0.09392502747107456,-0.08562576372953523,-0.07817324697468409,-0.8197740126078842,-0.33341581826101663,-0.33341581826101663,-0.33341581826101663,-0.33341581826101663,-0.33341581826101663,-0.33341581826101663,1.0771004192291112,1.0853996829706505,1.0928521997255016,0.35125143409230164,0,0,0,0,0,1.4105162374901279,1.4188155012316672,1.4262680179865184,0.6846672523533183,0,0,0,0,1.4105162374901279,1.4188155012316672,1.4262680179865184,0.6846672523533183,0,0,0,1.4105162374901279,1.4188155012316672,1.4262680179865184,0.6846672523533183,0,0,1.4105162374901279,1.4188155012316672,1.4262680179865184,0.6846672523533183,0,1.4105162374901279,1.4188155012316672,1.4262680179865184,0.6846672523533183,1.4105162374901279,1.4188155012316672,1.4262680179865184,0.6846672523533183,0.008299263741539331,0.015751780496390477,-0.7258489851368096,0.007452516754851146,-0.734148248878349,-0.7416007656332001,0,0,0,0,0,0,0,0,0,0,0,0,0,0,0,0,0,0,0,0,0,0,0,0,0,0,0,0,0,0,0,0,0,0,0,0,0,0,0,0,0,0,0,0,0,0,0,0,0,0,0,0,0,0,0,0,0,0,0,0,0,0,0,0,0,0,Inf,0,0,TRUE,0,0,1,1,1,1,1,1,0,0,0,0
g__GGB2998,-0.8804952440550651,-0.8804952440550651,-0.8804952440550651,-0.8804952440550651,-0.8804952440550651,-0.8804952440550651,-0.8804952440550651,-0.8804952440550651,0.7315886813095744,0.36240182438586177,-0.8804952440550651,0,0,0,0,0,0,0,1.6120839253646395,1.2428970684409268,0,0,0,0,0,0,0,1.6120839253646395,1.2428970684409268,0,0,0,0,0,0,1.6120839253646395,1.2428970684409268,0,0,0,0,0,1.6120839253646395,1.2428970684409268,0,0,0,0,1.6120839253646395,1.2428970684409268,0,0,0,1.6120839253646395,1.2428970684409268,0,0,1.6120839253646395,1.2428970684409268,0,1.6120839253646395,1.2428970684409268,0,-0.36918685692371267,-1.6120839253646395,-1.2428970684409268,0,0,0,0,0,0,0,0,0,0,0,0,0,0,0,0,0,0,0,0,0,0,0,0,0,0,0,0,0,0,0,0,0,0,0,0,0,0,0,0,0,0,0,0,0,0,0,0,0,0,0,0,0,0,0,0,0,0,0,0,0,0,0,0,0,0,Inf,0,0,TRUE,0,1,1,1,1,1,1,1,1,0,0,1
g__GGB4566,-0.3331289765808423,-0.508935362336529,-0.8461170343309876,-0.40789739172339523,-0.8461170343309876,-0.8461170343309876,-0.8461170343309876,-0.8461170343309876,0.2844100911097227,0.7969144479466042,-0.8461170343309876,-0.17580638575568674,-0.5129880577501453,-0.07476841514255295,-0.5129880577501453,-0.5129880577501453,-0.5129880577501453,-0.5129880577501453,0.617539067690565,1.1300434245274464,-0.5129880577501453,-0.3371816719944586,0.1010379706131338,-0.3371816719944586,-0.3371816719944586,-0.3371816719944586,-0.3371816719944586,0.7933454534462517,1.3058498102831333,-0.3371816719944586,0.4382196426075924,0,0,0,0,1.1305271254407103,1.6430314822775918,0,-0.4382196426075924,-0.4382196426075924,-0.4382196426075924,-0.4382196426075924,0.6923074828331179,1.2048118396699994,-0.4382196426075924,0,0,0,1.1305271254407103,1.6430314822775918,0,0,0,1.1305271254407103,1.6430314822775918,0,0,1.1305271254407103,1.6430314822775918,0,1.1305271254407103,1.6430314822775918,0,0.5125043568368814,-1.1305271254407103,-1.6430314822775918,0,0,0,0,0,0,0,0,0,0,0,0,0,0,0,0,0,0,0,0,0,0,0,0,0,0,0,0,0,0,0,0,0,0,0,0,0,0,0,0,0,0,0,0,0,0,0,0,0,0,0,0,0,0,0,0,0,0,0,0,0,0,0,0,0,0,Inf,0,0,TRUE,0,0,0,1,0,1,1,1,1,0,0,1
g__GGB3619,-0.3617880473141085,-1.0490768985077432,-1.0490768985077432,-0.24793033426774236,-1.0490768985077432,-1.0490768985077432,-1.0490768985077432,-1.0490768985077432,0.6931797789931564,0.6959617868701753,-1.0490768985077432,-0.6872888511936347,-0.6872888511936347,0.11385771304636616,-0.6872888511936347,-0.6872888511936347,-0.6872888511936347,-0.6872888511936347,1.0549678263072648,1.0577498341842837,-0.6872888511936347,0,0.8011465642400009,0,0,0,0,1.7422566775008996,1.7450386853779185,0,0.8011465642400009,0,0,0,0,1.7422566775008996,1.7450386853779185,0,-0.8011465642400009,-0.8011465642400009,-0.8011465642400009,-0.8011465642400009,0.9411101132608988,0.9438921211379177,-0.8011465642400009,0,0,0,1.7422566775008996,1.7450386853779185,0,0,0,1.7422566775008996,1.7450386853779185,0,0,1.7422566775008996,1.7450386853779185,0,1.7422566775008996,1.7450386853779185,0,0.002782007877018877,-1.7422566775008996,-1.7450386853779185,0,0,0,0,0,0,0,0,0,0,0,0,0,0,0,0,0,0,0,0,0,0,0,0,0,0,0,0,0,0,0,0,0,0,0,0,0,0,0,0,0,0,0,0,0,0,0,0,0,0,0,0,0,0,0,0,0,0,0,0,0,0,0,0,0,0,Inf,0,0,TRUE,0,0,1,1,0,1,1,1,1,0,0,1
